{
  "task": "personalized_proxy_classification",
  "model": "random_forest",
  "train_rows": 31500,
  "val_rows": 6750,
  "test_rows": 6750,
  "players_train": 350,
  "players_val": 75,
  "players_test": 75,
  "config": {
    "top_k_per_user": 30,
    "negative_ratio": 2.0,
    "max_puzzles_per_user": 0,
    "min_gap_cp": 0,
    "only_valid": true
  },
  "val": {
    "accuracy": 0.9948148148148148,
    "macro_f1": 0.9941437150908097,
    "weighted_f1": 0.9948045353879701,
    "average_precision": 0.9998648177117085,
    "confusion_matrix": [
      [
        4500,
        0
      ],
      [
        35,
        2215
      ]
    ],
    "classification_report": {
      "0": {
        "precision": 0.9922822491730982,
        "recall": 1.0,
        "f1-score": 0.9961261759822911,
        "support": 4500.0
      },
      "1": {
        "precision": 1.0,
        "recall": 0.9844444444444445,
        "f1-score": 0.9921612541993281,
        "support": 2250.0
      },
      "accuracy": 0.9948148148148148,
      "macro avg": {
        "precision": 0.996141124586549,
        "recall": 0.9922222222222222,
        "f1-score": 0.9941437150908097,
        "support": 6750.0
      },
      "weighted avg": {
        "precision": 0.9948548327820654,
        "recall": 0.9948148148148148,
        "f1-score": 0.9948045353879701,
        "support": 6750.0
      }
    },
    "roc_auc": 0.9999307654320988
  },
  "test": {
    "accuracy": 0.9862222222222222,
    "macro_f1": 0.9843384419410512,
    "weighted_f1": 0.9861489953936932,
    "average_precision": 0.9999389917024709,
    "confusion_matrix": [
      [
        4499,
        1
      ],
      [
        92,
        2158
      ]
    ],
    "classification_report": {
      "0": {
        "precision": 0.979960792855587,
        "recall": 0.9997777777777778,
        "f1-score": 0.989770102298977,
        "support": 4500.0
      },
      "1": {
        "precision": 0.999536822603057,
        "recall": 0.9591111111111111,
        "f1-score": 0.9789067815831254,
        "support": 2250.0
      },
      "accuracy": 0.9862222222222222,
      "macro avg": {
        "precision": 0.9897488077293219,
        "recall": 0.9794444444444445,
        "f1-score": 0.9843384419410512,
        "support": 6750.0
      },
      "weighted avg": {
        "precision": 0.9864861361047437,
        "recall": 0.9862222222222222,
        "f1-score": 0.9861489953936932,
        "support": 6750.0
      }
    },
    "roc_auc": 0.9999698765432099
  }
}